<?xml version="1.0" encoding="UTF-8"?>
<project-private xmlns="http://www.netbeans.org/ns/project-private/1">
    <editor-bookmarks xmlns="http://www.netbeans.org/ns/editor-bookmarks/2" lastBookmarkId="0"/>
    <open-files xmlns="http://www.netbeans.org/ns/projectui-open-files/2">
        <group>
            <file>file:/F:/Guillherme/Guilherme/Acadêmico/Atividades/LP/AddressAlterado(Henri)/AddressAlterado/Address/src/br/cefetmg/address/model/AcessaBD.java</file>
            <file>file:/F:/Guillherme/Guilherme/Acadêmico/Atividades/LP/AddressAlterado(Henri)/AddressAlterado/Address/test/br/cefetmg/address/controller/PersonHandlerTest.java</file>
            <file>file:/F:/Guillherme/Guilherme/Acadêmico/Atividades/LP/AddressAlterado(Henri)/AddressAlterado/Address/src/br/cefetmg/address/controller/PersonHandler.java</file>
            <file>file:/F:/Guillherme/Guilherme/Acadêmico/Atividades/LP/AddressAlterado(Henri)/AddressAlterado/Address/src/br/cefetmg/address/view/PersonView.java</file>
            <file>file:/F:/Guillherme/Guilherme/Acadêmico/Atividades/LP/AddressAlterado(Henri)/AddressAlterado/Address/test/br/cefetmg/address/model/AcessaBDTest.java</file>
        </group>
    </open-files>
</project-private>
